ID,MSI.state,PID,Recurrence_or_metastasis,Sex,Age,History,Smoking,Drinking,Stage,T_stage,N_stage,Risk_stratification,Tumor_location,Histologic_differentiation,Margin,Vessel_carcinoma_embolus,Nerve_invasion,Adjuvant_chemotherapy,FGA,CD8 infiltration,,,,,,,,,,,,,,,,,,,,,,,,,,,,,,,,,,,,,,,,,,,,,,,,,,,,,,,,,,,,,,,,
PT1,MSS,P1,No,Male,£¼65y,No,Yes,No,IIIB,T3,N1,Low risk,Left,Moderately,No,No,No,Yes,0.918226824,#N/A,,,,,,,,,,,,,,,,,,,,,,,,,,,,,,,,,,,,,,,,,,,,,,,,,,,,,,,,,,,,,,,,
PT2,MSS,P11,No,Male,£¼65y,No,Yes,Yes,IIIB,T3,N1,Low risk,Left,Moderately,No,No,No,No,0.913525892,#N/A,,,,,,,,,,,,,,,,,,,,,,,,,,,,,,,,,,,,,,,,,,,,,,,,,,,,,,,,,,,,,,,,
PT3,MSS,P60,Yes,Male,£¼65y,No,Yes,Yes,IIIC,T4,N2,High risk,Right,Poorly,No,No,No,Yes,0.899552243,#N/A,,,,,,,,,,,,,,,,,,,,,,,,,,,,,,,,,,,,,,,,,,,,,,,,,,,,,,,,,,,,,,,,
I15,MSS,P55,Yes,Female,¡Ý65y,No,No,No,IIIB,T3,N1,Low risk,Right,Poorly,No,No,No,Yes,0.88162731,0.028517962,,,,,,,,,,,,,,,,,,,,,,,,,,,,,,,,,,,,,,,,,,,,,,,,,,,,,,,,,,,,,,,,
I6,MSS,P25,No,Male,£¼65y,No,Yes,No,IIIA,T2,N1,Low risk,Left,Moderately,No,No,No,Yes,0.876499272,0.030210331,,,,,,,,,,,,,,,,,,,,,,,,,,,,,,,,,,,,,,,,,,,,,,,,,,,,,,,,,,,,,,,,
I18,MSS,P4,No,Female,¡Ý65y,No,No,No,IIIB,T3,N2,High risk,Left,Moderately,No,No,No,Yes,0.867484047,0,,,,,,,,,,,,,,,,,,,,,,,,,,,,,,,,,,,,,,,,,,,,,,,,,,,,,,,,,,,,,,,,
I53,MSS,P27,No,Male,£¼65y,No,Yes,Yes,IIIB,T3,N1,Low risk,Left,Moderately,No,Yes,No,Yes,0.850269634,0.034129192,,,,,,,,,,,,,,,,,,,,,,,,,,,,,,,,,,,,,,,,,,,,,,,,,,,,,,,,,,,,,,,,
I35,MSS,P6,No,Male,¡Ý65y,No,No,No,IIIB,T4,N1,High risk,Right,Moderately,No,No,No,Yes,0.83617821,0.04210796,,,,,,,,,,,,,,,,,,,,,,,,,,,,,,,,,,,,,,,,,,,,,,,,,,,,,,,,,,,,,,,,
I38,MSS,P9,No,Female,£¼65y,No,No,No,IIIB,T4,N1,High risk,Left,Moderately,No,Yes,Yes,Yes,0.835217097,0.071424109,,,,,,,,,,,,,,,,,,,,,,,,,,,,,,,,,,,,,,,,,,,,,,,,,,,,,,,,,,,,,,,,
PT4,MSS,P7,No,Male,£¼65y,No,No,No,IIIB,T3,N1,High risk,Right,Poorly,No,No,No,Yes,0.823058871,#N/A,,,,,,,,,,,,,,,,,,,,,,,,,,,,,,,,,,,,,,,,,,,,,,,,,,,,,,,,,,,,,,,,
I44,MSS,P40,Yes,Female,£¼65y,No,No,No,IIIB,T3,N1,Low risk,Left,Moderately,No,No,No,Yes,0.820405856,0.007281324,,,,,,,,,,,,,,,,,,,,,,,,,,,,,,,,,,,,,,,,,,,,,,,,,,,,,,,,,,,,,,,,
I11,MSS,P51,Yes,Male,£¼65y,No,No,No,IIIB,T3,N1,Low risk,Right,Poorly,No,Yes,Yes,Yes,0.811336068,0.069898962,,,,,,,,,,,,,,,,,,,,,,,,,,,,,,,,,,,,,,,,,,,,,,,,,,,,,,,,,,,,,,,,
I17,MSS,P3,No,Male,£¼65y,No,No,No,IIIC,T4,N2,High risk,Left,Moderately,No,No,No,Yes,0.77866569,0.049015643,,,,,,,,,,,,,,,,,,,,,,,,,,,,,,,,,,,,,,,,,,,,,,,,,,,,,,,,,,,,,,,,
I13,MSS,P53,Yes,Male,£¼65y,No,No,No,IIIB,T3,N2,High risk,Right,Poorly,No,No,Yes,Yes,0.751077048,0.023784692,,,,,,,,,,,,,,,,,,,,,,,,,,,,,,,,,,,,,,,,,,,,,,,,,,,,,,,,,,,,,,,,
I49,MSS,P29,No,Male,¡Ý65y,No,Yes,No,IIIB,T4,N1,High risk,Right,Moderately,No,No,No,Yes,0.724081626,0.00213548,,,,,,,,,,,,,,,,,,,,,,,,,,,,,,,,,,,,,,,,,,,,,,,,,,,,,,,,,,,,,,,,
I43,MSS,P39,Yes,Female,¡Ý65y,Yes,No,No,IIIC,T3,N2,High risk,Left,Poorly,No,Yes,Yes,Yes,0.680786662,0.033128267,,,,,,,,,,,,,,,,,,,,,,,,,,,,,,,,,,,,,,,,,,,,,,,,,,,,,,,,,,,,,,,,
I4,MSI-H,P23,No,Male,¡Ý65y,No,No,No,IIIB,T3,N1,Low risk,Left,Well,No,No,Yes,No,0.666709785,0.06100476,,,,,,,,,,,,,,,,,,,,,,,,,,,,,,,,,,,,,,,,,,,,,,,,,,,,,,,,,,,,,,,,
I42,MSS,P37,Yes,Male,¡Ý65y,No,No,Yes,IIIC,T3,N2,High risk,Right,Poorly,No,Yes,Yes,Yes,0.606809696,0.003054468,,,,,,,,,,,,,,,,,,,,,,,,,,,,,,,,,,,,,,,,,,,,,,,,,,,,,,,,,,,,,,,,
I46,MSS,P42,Yes,Male,£¼65y,No,No,No,IIIB,T3,N2,High risk,Left,Poorly,No,Yes,Yes,Yes,0.596186272,0.027957926,,,,,,,,,,,,,,,,,,,,,,,,,,,,,,,,,,,,,,,,,,,,,,,,,,,,,,,,,,,,,,,,
I48,MSS,P30,No,Female,£¼65y,No,No,No,IIIB,T4,N1,High risk,Left,Moderately,No,Yes,No,Yes,0.514626541,0.039373337,,,,,,,,,,,,,,,,,,,,,,,,,,,,,,,,,,,,,,,,,,,,,,,,,,,,,,,,,,,,,,,,
I25,MSS,P14,No,Male,£¼65y,No,No,No,IIIB,T4,N1,High risk,Right,Well,No,No,No,Yes,0.479486965,0,,,,,,,,,,,,,,,,,,,,,,,,,,,,,,,,,,,,,,,,,,,,,,,,,,,,,,,,,,,,,,,,
I33,MSS,P48,Yes,Male,¡Ý65y,No,Yes,No,IIIB,T2,N2,High risk,Left,Well,No,No,No,Yes,0.477826869,0.051006162,,,,,,,,,,,,,,,,,,,,,,,,,,,,,,,,,,,,,,,,,,,,,,,,,,,,,,,,,,,,,,,,
I45,MSS,P41,Yes,Male,£¼65y,No,No,No,IIIB,T3,N1,Low risk,Left,Moderately,No,Yes,No,Yes,0.46772233,0.080102177,,,,,,,,,,,,,,,,,,,,,,,,,,,,,,,,,,,,,,,,,,,,,,,,,,,,,,,,,,,,,,,,
I34,MSS,P17,No,Female,¡Ý65y,No,No,No,IIIB,T4,N1,High risk,Left,Poorly,No,No,No,No,0.437308312,0.05216611,,,,,,,,,,,,,,,,,,,,,,,,,,,,,,,,,,,,,,,,,,,,,,,,,,,,,,,,,,,,,,,,
I51,MSS,P56,Yes,Female,£¼65y,No,No,No,IIIB,T3,N1,Low risk,Right,Moderately,No,No,No,Yes,0.3978202,0.032127735,,,,,,,,,,,,,,,,,,,,,,,,,,,,,,,,,,,,,,,,,,,,,,,,,,,,,,,,,,,,,,,,
PT5,MSS,P8,No,Female,£¼65y,No,No,No,IIIC,T4,N2,High risk,Left,Poorly,No,Yes,Yes,Yes,0.395402855,#N/A,,,,,,,,,,,,,,,,,,,,,,,,,,,,,,,,,,,,,,,,,,,,,,,,,,,,,,,,,,,,,,,,
I21,MSS,P33,Yes,Male,¡Ý65y,No,Yes,Yes,IIA,T3,N0,Low risk,Left,Moderately,No,No,No,Yes,0.325151629,0.059334002,,,,,,,,,,,,,,,,,,,,,,,,,,,,,,,,,,,,,,,,,,,,,,,,,,,,,,,,,,,,,,,,
I26,MSS,P45,Yes,Female,¡Ý65y,No,No,No,IIIB,T4,N1,High risk,Right,Moderately,No,No,No,No,0.317112438,0.061556013,,,,,,,,,,,,,,,,,,,,,,,,,,,,,,,,,,,,,,,,,,,,,,,,,,,,,,,,,,,,,,,,
I20,MSS,P32,Yes,Female,£¼65y,No,No,No,IIA,T3,N0,Low risk,Left,Moderately,No,No,No,Yes,0.312628914,0.031427124,,,,,,,,,,,,,,,,,,,,,,,,,,,,,,,,,,,,,,,,,,,,,,,,,,,,,,,,,,,,,,,,
I32,MSS,P16,No,Female,£¼65y,No,No,No,IIIB,T4,N1,High risk,Right,Well,No,No,No,,0.312497967,0.058912077,,,,,,,,,,,,,,,,,,,,,,,,,,,,,,,,,,,,,,,,,,,,,,,,,,,,,,,,,,,,,,,,
I1,MSI-H,P20,No,Female,¡Ý65y,No,No,No,IIIB,T3,N1,Low risk,Left,Moderately,No,No,No,Yes,0.30115403,0.035913471,,,,,,,,,,,,,,,,,,,,,,,,,,,,,,,,,,,,,,0,1,0,0,A*11:01,A*24:02,B*40:06,B*51:01,C*08:01,C*14:02,A03,A24,B44,B07,1,2,-0.466161738,2.930855558,10.17684897,2.72864248,,,,,,,
I14,MSS,P54,Yes,Male,¡Ý65y,No,No,No,IIIB,T3,N1,Low risk,Right,Moderately,No,No,No,Yes,0.29674694,0.057069624,,,,,,,,,,,,,,,,,,,,,,,,,,,,,,,,,,,,,,,,,,,,,,,,,,,,,,,,,,,,,,,,
I12,MSI-H,P52,Yes,Male,£¼65y,No,No,No,IIIB,T3,N1,Low risk,Left,Moderately,No,No,No,Yes,0.296299776,0.025070722,,,,,,,,,,,,,,,,,,,,,,,,,,,,,,,,,,,,,,0,1,0,0,A*02:01,A*11:01,B*40:01,C*03:04,C*07:02,,A02,A03,B44,,2,3,0.397491865,6.123615004,2.160422973,2.246363601,,,,,,,
I3,MSI-H,P22,No,Male,£¼65y,No,Yes,Yes,IIIB,T3,N2,High risk,Left,Moderately,No,No,Yes,Yes,0.271019075,0.022159753,,,,,,,,,,,,,,,,,,,,,,,,,,,,,,,,,,,,,,0,0,0,1,A*02:07,A*30:01,B*13:02,B*46:01,C*01:02,C*06:02,A02,A01 A03,Unclassified,B62,1,4,-0.196271758,3.765002649,2.145715492,1.952932606,,,,,,,
I47,MSS,P43,Yes,Male,£¼65y,No,No,Yes,IIIB,T3,N1,Low risk,Left,Moderately,No,Yes,No,Yes,0.233870979,0.027189915,,,,,,,,,,,,,,,,,,,,,,,,,,,,,,,,,,,,,,,,,,,,,,,,,,,,,,,,,,,,,,,,
PT6,MSS,P13,No,Male,¡Ý65y,No,No,No,IIIB,T3,N2,High risk,Left,Moderately,No,No,No,Yes,0.232780452,#N/A,,,,,,,,,,,,,,,,,,,,,,,,,,,,,,,,,,,,,,,,,,,,,,,,,,,,,,,,,,,,,,,,
I24,MSS,P36,Yes,Female,£¼65y,No,No,No,IIIB,T4,N1,High risk,Right,Poorly,No,No,Yes,Yes,0.227446331,0.058199636,,,,,,,,,,,,,,,,,,,,,,,,,,,,,,,,,,,,,,,,,,,,,,,,,,,,,,,,,,,,,,,,
I50,MSS,P28,No,Female,£¼65y,No,No,No,IIIB,T3,N2,High risk,Right,Moderately,No,Yes,No,Yes,0.213897322,0.048635534,,,,,,,,,,,,,,,,,,,,,,,,,,,,,,,,,,,,,,,,,,,,,,,,,,,,,,,,,,,,,,,,
PT7,MSS,P38,Yes,Female,£¼65y,No,No,No,IIIB,T3,N2,High risk,Right,Poorly,No,Yes,Yes,Yes,0.211480614,#N/A,,,,,,,,,,,,,,,,,,,,,,,,,,,,,,,,,,,,,,,,,,,,,,,,,,,,,,,,,,,,,,,,
I23,MSS,P35,Yes,Female,£¼65y,Yes,No,No,IIIB,T3,N2,High risk,Right,Moderately,No,No,No,Yes,0.146700011,0.059549974,,,,,,,,,,,,,,,,,,,,,,,,,,,,,,,,,,,,,,,,,,,,,,,,,,,,,,,,,,,,,,,,
I31,MSS,P15,No,Male,£¼65y,No,No,No,IIIB,T4,N1,High risk,Left,Moderately,No,No,No,Yes,0.12586928,0.043668883,,,,,,,,,,,,,,,,,,,,,,,,,,,,,,,,,,,,,,,,,,,,,,,,,,,,,,,,,,,,,,,,
I52,MSS,P31,No,Female,£¼65y,No,No,No,IIIB,T4,N1,High risk,Left,Moderately,No,No,No,Yes,0.1090887,0.046252715,,,,,,,,,,,,,,,,,,,,,,,,,,,,,,,,,,,,,,,,,,,,,,,,,,,,,,,,,,,,,,,,
I28,MSS,P47,Yes,Male,£¼65y,No,Yes,No,IIIC,T4,N2,High risk,Right,Moderately,No,Yes,No,Yes,0.048993399,0.062703595,,,,,,,,,,,,,,,,,,,,,,,,,,,,,,,,,,,,,,,,,,,,,,,,,,,,,,,,,,,,,,,,
I29,MSS,P18,No,Female,£¼65y,No,No,No,IIIB,T4,N1,High risk,Right,Moderately,No,No,No,Yes,0.026897265,0.041512822,,,,,,,,,,,,,,,,,,,,,,,,,,,,,,,,,,,,,,,,,,,,,,,,,,,,,,,,,,,,,,,,
I54,MSS,P57,Yes,Female,£¼65y,No,No,No,IIIB,T3,N1,Low risk,Right,Poorly,No,No,No,Yes,0.014501908,0.076581462,,,,,,,,,,,,,,,,,,,,,,,,,,,,,,,,,,,,,,,,,,,,,,,,,,,,,,,,,,,,,,,,
I30,MSS,P44,Yes,Female,£¼65y,Yes,No,No,IIIC,T4,N2,High risk,Right,Well,No,No,No,Yes,0.007155185,0.027728129,,,,,,,,,,,,,,,,,,,,,,,,,,,,,,,,,,,,,,,,,,,,,,,,,,,,,,,,,,,,,,,,
I8,MSS,P19,No,Male,£¼65y,No,No,No,IIIB,T3,N1,Low risk,Left,Moderately,No,No,No,,0,0.052922597,,,,,,,,,,,,,,,,,,,,,,,,,,,,,,,,,,,,,,,,,,,,,,,,,,,,,,,,,,,,,,,,
,,,,,,,,,,,,,,,,,,,,,,,,,,,,,,,,,,,,,,,,,,,,,,,,,,,,,,,,,,,,,,,,,,,,,,,,,,,,,,,,,,,,
